<component name="libraryTable">
  <library name="sbt: org.lz4:lz4-java:1.7.1:jar">
    <CLASSES>
      <root url="jar://$USER_HOME$/AppData/Local/Coursier/cache/v1/https/repo1.maven.org/maven2/org/lz4/lz4-java/1.7.1/lz4-java-1.7.1.jar!/" />
    </CLASSES>
    <JAVADOC>
      <root url="jar://$USER_HOME$/AppData/Local/Coursier/cache/v1/https/repo1.maven.org/maven2/org/lz4/lz4-java/1.7.1/lz4-java-1.7.1-javadoc.jar!/" />
    </JAVADOC>
    <SOURCES>
      <root url="jar://$USER_HOME$/AppData/Local/Coursier/cache/v1/https/repo1.maven.org/maven2/org/lz4/lz4-java/1.7.1/lz4-java-1.7.1-sources.jar!/" />
    </SOURCES>
  </library>
</component>