<component name="libraryTable">
  <library name="sbt: com.github.fommil.netlib:core:1.1.2:jar">
    <CLASSES>
      <root url="jar://$USER_HOME$/AppData/Local/Coursier/cache/v1/https/repo1.maven.org/maven2/com/github/fommil/netlib/core/1.1.2/core-1.1.2.jar!/" />
    </CLASSES>
    <JAVADOC>
      <root url="jar://$USER_HOME$/AppData/Local/Coursier/cache/v1/https/repo1.maven.org/maven2/com/github/fommil/netlib/core/1.1.2/core-1.1.2-javadoc.jar!/" />
    </JAVADOC>
    <SOURCES>
      <root url="jar://$USER_HOME$/AppData/Local/Coursier/cache/v1/https/repo1.maven.org/maven2/com/github/fommil/netlib/core/1.1.2/core-1.1.2-sources.jar!/" />
    </SOURCES>
  </library>
</component>