<component name="libraryTable">
  <library name="sbt: net.razorvine:pyrolite:4.30:jar">
    <CLASSES>
      <root url="jar://$USER_HOME$/AppData/Local/Coursier/cache/v1/https/repo1.maven.org/maven2/net/razorvine/pyrolite/4.30/pyrolite-4.30.jar!/" />
    </CLASSES>
    <JAVADOC>
      <root url="jar://$USER_HOME$/AppData/Local/Coursier/cache/v1/https/repo1.maven.org/maven2/net/razorvine/pyrolite/4.30/pyrolite-4.30-javadoc.jar!/" />
    </JAVADOC>
    <SOURCES>
      <root url="jar://$USER_HOME$/AppData/Local/Coursier/cache/v1/https/repo1.maven.org/maven2/net/razorvine/pyrolite/4.30/pyrolite-4.30-sources.jar!/" />
    </SOURCES>
  </library>
</component>