<component name="libraryTable">
  <library name="sbt: commons-cli:commons-cli:1.2:jar">
    <CLASSES>
      <root url="jar://$USER_HOME$/AppData/Local/Coursier/cache/v1/https/repo1.maven.org/maven2/commons-cli/commons-cli/1.2/commons-cli-1.2.jar!/" />
    </CLASSES>
    <JAVADOC>
      <root url="jar://$USER_HOME$/AppData/Local/Coursier/cache/v1/https/repo1.maven.org/maven2/commons-cli/commons-cli/1.2/commons-cli-1.2-javadoc.jar!/" />
    </JAVADOC>
    <SOURCES>
      <root url="jar://$USER_HOME$/AppData/Local/Coursier/cache/v1/https/repo1.maven.org/maven2/commons-cli/commons-cli/1.2/commons-cli-1.2-sources.jar!/" />
    </SOURCES>
  </library>
</component>