<component name="libraryTable">
  <library name="sbt: org.apache.orc:orc-mapreduce:1.5.10:jar">
    <CLASSES>
      <root url="jar://$USER_HOME$/AppData/Local/Coursier/cache/v1/https/repo1.maven.org/maven2/org/apache/orc/orc-mapreduce/1.5.10/orc-mapreduce-1.5.10.jar!/" />
    </CLASSES>
    <JAVADOC>
      <root url="jar://$USER_HOME$/AppData/Local/Coursier/cache/v1/https/repo1.maven.org/maven2/org/apache/orc/orc-mapreduce/1.5.10/orc-mapreduce-1.5.10-javadoc.jar!/" />
    </JAVADOC>
    <SOURCES>
      <root url="jar://$USER_HOME$/AppData/Local/Coursier/cache/v1/https/repo1.maven.org/maven2/org/apache/orc/orc-mapreduce/1.5.10/orc-mapreduce-1.5.10-sources.jar!/" />
    </SOURCES>
  </library>
</component>