<component name="libraryTable">
  <library name="sbt: org.typelevel:machinist_2.12:0.6.8:jar">
    <CLASSES>
      <root url="jar://$USER_HOME$/AppData/Local/Coursier/cache/v1/https/repo1.maven.org/maven2/org/typelevel/machinist_2.12/0.6.8/machinist_2.12-0.6.8.jar!/" />
    </CLASSES>
    <JAVADOC>
      <root url="jar://$USER_HOME$/AppData/Local/Coursier/cache/v1/https/repo1.maven.org/maven2/org/typelevel/machinist_2.12/0.6.8/machinist_2.12-0.6.8-javadoc.jar!/" />
    </JAVADOC>
    <SOURCES>
      <root url="jar://$USER_HOME$/AppData/Local/Coursier/cache/v1/https/repo1.maven.org/maven2/org/typelevel/machinist_2.12/0.6.8/machinist_2.12-0.6.8-sources.jar!/" />
    </SOURCES>
  </library>
</component>