<component name="libraryTable">
  <library name="sbt: com.github.spotbugs:spotbugs-annotations:3.1.9:jar">
    <CLASSES>
      <root url="jar://$USER_HOME$/AppData/Local/Coursier/cache/v1/https/repo1.maven.org/maven2/com/github/spotbugs/spotbugs-annotations/3.1.9/spotbugs-annotations-3.1.9.jar!/" />
    </CLASSES>
    <JAVADOC>
      <root url="jar://$USER_HOME$/AppData/Local/Coursier/cache/v1/https/repo1.maven.org/maven2/com/github/spotbugs/spotbugs-annotations/3.1.9/spotbugs-annotations-3.1.9-javadoc.jar!/" />
    </JAVADOC>
    <SOURCES>
      <root url="jar://$USER_HOME$/AppData/Local/Coursier/cache/v1/https/repo1.maven.org/maven2/com/github/spotbugs/spotbugs-annotations/3.1.9/spotbugs-annotations-3.1.9-sources.jar!/" />
    </SOURCES>
  </library>
</component>