<component name="libraryTable">
  <library name="sbt: commons-collections:commons-collections:3.2.2:jar">
    <CLASSES>
      <root url="jar://$USER_HOME$/AppData/Local/Coursier/cache/v1/https/repo1.maven.org/maven2/commons-collections/commons-collections/3.2.2/commons-collections-3.2.2.jar!/" />
    </CLASSES>
    <JAVADOC>
      <root url="jar://$USER_HOME$/AppData/Local/Coursier/cache/v1/https/repo1.maven.org/maven2/commons-collections/commons-collections/3.2.2/commons-collections-3.2.2-javadoc.jar!/" />
    </JAVADOC>
    <SOURCES>
      <root url="jar://$USER_HOME$/AppData/Local/Coursier/cache/v1/https/repo1.maven.org/maven2/commons-collections/commons-collections/3.2.2/commons-collections-3.2.2-sources.jar!/" />
    </SOURCES>
  </library>
</component>