<component name="libraryTable">
  <library name="sbt: org.apache.zookeeper:zookeeper:3.4.14:jar">
    <CLASSES>
      <root url="jar://$USER_HOME$/AppData/Local/Coursier/cache/v1/https/repo1.maven.org/maven2/org/apache/zookeeper/zookeeper/3.4.14/zookeeper-3.4.14.jar!/" />
    </CLASSES>
    <JAVADOC>
      <root url="jar://$USER_HOME$/AppData/Local/Coursier/cache/v1/https/repo1.maven.org/maven2/org/apache/zookeeper/zookeeper/3.4.14/zookeeper-3.4.14-javadoc.jar!/" />
    </JAVADOC>
    <SOURCES>
      <root url="jar://$USER_HOME$/AppData/Local/Coursier/cache/v1/https/repo1.maven.org/maven2/org/apache/zookeeper/zookeeper/3.4.14/zookeeper-3.4.14-sources.jar!/" />
    </SOURCES>
  </library>
</component>