<component name="libraryTable">
  <library name="sbt: com.google.flatbuffers:flatbuffers-java:1.9.0:jar">
    <CLASSES>
      <root url="jar://$USER_HOME$/AppData/Local/Coursier/cache/v1/https/repo1.maven.org/maven2/com/google/flatbuffers/flatbuffers-java/1.9.0/flatbuffers-java-1.9.0.jar!/" />
    </CLASSES>
    <JAVADOC>
      <root url="jar://$USER_HOME$/AppData/Local/Coursier/cache/v1/https/repo1.maven.org/maven2/com/google/flatbuffers/flatbuffers-java/1.9.0/flatbuffers-java-1.9.0-javadoc.jar!/" />
    </JAVADOC>
    <SOURCES>
      <root url="jar://$USER_HOME$/AppData/Local/Coursier/cache/v1/https/repo1.maven.org/maven2/com/google/flatbuffers/flatbuffers-java/1.9.0/flatbuffers-java-1.9.0-sources.jar!/" />
    </SOURCES>
  </library>
</component>