<component name="libraryTable">
  <library name="sbt: org.apache.directory.api:api-util:1.0.0-M20:jar">
    <CLASSES>
      <root url="jar://$USER_HOME$/AppData/Local/Coursier/cache/v1/https/repo1.maven.org/maven2/org/apache/directory/api/api-util/1.0.0-M20/api-util-1.0.0-M20.jar!/" />
    </CLASSES>
    <JAVADOC>
      <root url="jar://$USER_HOME$/AppData/Local/Coursier/cache/v1/https/repo1.maven.org/maven2/org/apache/directory/api/api-util/1.0.0-M20/api-util-1.0.0-M20-javadoc.jar!/" />
    </JAVADOC>
    <SOURCES>
      <root url="jar://$USER_HOME$/AppData/Local/Coursier/cache/v1/https/repo1.maven.org/maven2/org/apache/directory/api/api-util/1.0.0-M20/api-util-1.0.0-M20-sources.jar!/" />
    </SOURCES>
  </library>
</component>