<component name="libraryTable">
  <library name="sbt: javax.activation:activation:1.1.1:jar">
    <CLASSES>
      <root url="jar://$USER_HOME$/AppData/Local/Coursier/cache/v1/https/repo1.maven.org/maven2/javax/activation/activation/1.1.1/activation-1.1.1.jar!/" />
    </CLASSES>
    <JAVADOC />
    <SOURCES>
      <root url="jar://$USER_HOME$/AppData/Local/Coursier/cache/v1/https/repo1.maven.org/maven2/javax/activation/activation/1.1.1/activation-1.1.1-sources.jar!/" />
    </SOURCES>
  </library>
</component>