<component name="libraryTable">
  <library name="sbt: commons-configuration:commons-configuration:1.6:jar">
    <CLASSES>
      <root url="jar://$USER_HOME$/AppData/Local/Coursier/cache/v1/https/repo1.maven.org/maven2/commons-configuration/commons-configuration/1.6/commons-configuration-1.6.jar!/" />
    </CLASSES>
    <JAVADOC />
    <SOURCES>
      <root url="jar://$USER_HOME$/AppData/Local/Coursier/cache/v1/https/repo1.maven.org/maven2/commons-configuration/commons-configuration/1.6/commons-configuration-1.6-sources.jar!/" />
    </SOURCES>
  </library>
</component>