<component name="libraryTable">
  <library name="sbt: commons-codec:commons-codec:1.10:jar">
    <CLASSES>
      <root url="jar://$USER_HOME$/AppData/Local/Coursier/cache/v1/https/repo1.maven.org/maven2/commons-codec/commons-codec/1.10/commons-codec-1.10.jar!/" />
    </CLASSES>
    <JAVADOC>
      <root url="jar://$USER_HOME$/AppData/Local/Coursier/cache/v1/https/repo1.maven.org/maven2/commons-codec/commons-codec/1.10/commons-codec-1.10-javadoc.jar!/" />
    </JAVADOC>
    <SOURCES>
      <root url="jar://$USER_HOME$/AppData/Local/Coursier/cache/v1/https/repo1.maven.org/maven2/commons-codec/commons-codec/1.10/commons-codec-1.10-sources.jar!/" />
    </SOURCES>
  </library>
</component>