<component name="libraryTable">
  <library name="sbt: com.google.code.gson:gson:2.2.4:jar">
    <CLASSES>
      <root url="jar://$USER_HOME$/AppData/Local/Coursier/cache/v1/https/repo1.maven.org/maven2/com/google/code/gson/gson/2.2.4/gson-2.2.4.jar!/" />
    </CLASSES>
    <JAVADOC>
      <root url="jar://$USER_HOME$/AppData/Local/Coursier/cache/v1/https/repo1.maven.org/maven2/com/google/code/gson/gson/2.2.4/gson-2.2.4-javadoc.jar!/" />
    </JAVADOC>
    <SOURCES>
      <root url="jar://$USER_HOME$/AppData/Local/Coursier/cache/v1/https/repo1.maven.org/maven2/com/google/code/gson/gson/2.2.4/gson-2.2.4-sources.jar!/" />
    </SOURCES>
  </library>
</component>