<component name="libraryTable">
  <library name="sbt: org.apache.htrace:htrace-core:3.1.0-incubating:jar">
    <CLASSES>
      <root url="jar://$USER_HOME$/AppData/Local/Coursier/cache/v1/https/repo1.maven.org/maven2/org/apache/htrace/htrace-core/3.1.0-incubating/htrace-core-3.1.0-incubating.jar!/" />
    </CLASSES>
    <JAVADOC>
      <root url="jar://$USER_HOME$/AppData/Local/Coursier/cache/v1/https/repo1.maven.org/maven2/org/apache/htrace/htrace-core/3.1.0-incubating/htrace-core-3.1.0-incubating-javadoc.jar!/" />
    </JAVADOC>
    <SOURCES>
      <root url="jar://$USER_HOME$/AppData/Local/Coursier/cache/v1/https/repo1.maven.org/maven2/org/apache/htrace/htrace-core/3.1.0-incubating/htrace-core-3.1.0-incubating-sources.jar!/" />
    </SOURCES>
  </library>
</component>