<component name="libraryTable">
  <library name="sbt: org.apache.commons:commons-math3:3.4.1:jar">
    <CLASSES>
      <root url="jar://$USER_HOME$/AppData/Local/Coursier/cache/v1/https/repo1.maven.org/maven2/org/apache/commons/commons-math3/3.4.1/commons-math3-3.4.1.jar!/" />
    </CLASSES>
    <JAVADOC>
      <root url="jar://$USER_HOME$/AppData/Local/Coursier/cache/v1/https/repo1.maven.org/maven2/org/apache/commons/commons-math3/3.4.1/commons-math3-3.4.1-javadoc.jar!/" />
    </JAVADOC>
    <SOURCES>
      <root url="jar://$USER_HOME$/AppData/Local/Coursier/cache/v1/https/repo1.maven.org/maven2/org/apache/commons/commons-math3/3.4.1/commons-math3-3.4.1-sources.jar!/" />
    </SOURCES>
  </library>
</component>