<component name="libraryTable">
  <library name="sbt: com.ning:compress-lzf:1.0.3:jar">
    <CLASSES>
      <root url="jar://$USER_HOME$/AppData/Local/Coursier/cache/v1/https/repo1.maven.org/maven2/com/ning/compress-lzf/1.0.3/compress-lzf-1.0.3.jar!/" />
    </CLASSES>
    <JAVADOC>
      <root url="jar://$USER_HOME$/AppData/Local/Coursier/cache/v1/https/repo1.maven.org/maven2/com/ning/compress-lzf/1.0.3/compress-lzf-1.0.3-javadoc.jar!/" />
    </JAVADOC>
    <SOURCES>
      <root url="jar://$USER_HOME$/AppData/Local/Coursier/cache/v1/https/repo1.maven.org/maven2/com/ning/compress-lzf/1.0.3/compress-lzf-1.0.3-sources.jar!/" />
    </SOURCES>
  </library>
</component>