<component name="libraryTable">
  <library name="sbt: org.glassfish.hk2.external:jakarta.inject:2.6.1:jar">
    <CLASSES>
      <root url="jar://$USER_HOME$/AppData/Local/Coursier/cache/v1/https/repo1.maven.org/maven2/org/glassfish/hk2/external/jakarta.inject/2.6.1/jakarta.inject-2.6.1.jar!/" />
    </CLASSES>
    <JAVADOC>
      <root url="jar://$USER_HOME$/AppData/Local/Coursier/cache/v1/https/repo1.maven.org/maven2/org/glassfish/hk2/external/jakarta.inject/2.6.1/jakarta.inject-2.6.1-javadoc.jar!/" />
    </JAVADOC>
    <SOURCES>
      <root url="jar://$USER_HOME$/AppData/Local/Coursier/cache/v1/https/repo1.maven.org/maven2/org/glassfish/hk2/external/jakarta.inject/2.6.1/jakarta.inject-2.6.1-sources.jar!/" />
    </SOURCES>
  </library>
</component>