<component name="libraryTable">
  <library name="sbt: org.roaringbitmap:shims:0.7.45:jar">
    <CLASSES>
      <root url="jar://$USER_HOME$/AppData/Local/Coursier/cache/v1/https/repo1.maven.org/maven2/org/roaringbitmap/shims/0.7.45/shims-0.7.45.jar!/" />
    </CLASSES>
    <JAVADOC>
      <root url="jar://$USER_HOME$/AppData/Local/Coursier/cache/v1/https/repo1.maven.org/maven2/org/roaringbitmap/shims/0.7.45/shims-0.7.45-javadoc.jar!/" />
    </JAVADOC>
    <SOURCES>
      <root url="jar://$USER_HOME$/AppData/Local/Coursier/cache/v1/https/repo1.maven.org/maven2/org/roaringbitmap/shims/0.7.45/shims-0.7.45-sources.jar!/" />
    </SOURCES>
  </library>
</component>