<component name="libraryTable">
  <library name="sbt: org.twitter4j:twitter4j-stream:4.0.4:jar">
    <CLASSES>
      <root url="jar://$USER_HOME$/AppData/Local/Coursier/cache/v1/https/repo1.maven.org/maven2/org/twitter4j/twitter4j-stream/4.0.4/twitter4j-stream-4.0.4.jar!/" />
    </CLASSES>
    <JAVADOC>
      <root url="jar://$USER_HOME$/AppData/Local/Coursier/cache/v1/https/repo1.maven.org/maven2/org/twitter4j/twitter4j-stream/4.0.4/twitter4j-stream-4.0.4-javadoc.jar!/" />
    </JAVADOC>
    <SOURCES>
      <root url="jar://$USER_HOME$/AppData/Local/Coursier/cache/v1/https/repo1.maven.org/maven2/org/twitter4j/twitter4j-stream/4.0.4/twitter4j-stream-4.0.4-sources.jar!/" />
    </SOURCES>
  </library>
</component>