<component name="libraryTable">
  <library name="sbt: com.chuusai:shapeless_2.12:2.3.3:jar">
    <CLASSES>
      <root url="jar://$USER_HOME$/AppData/Local/Coursier/cache/v1/https/repo1.maven.org/maven2/com/chuusai/shapeless_2.12/2.3.3/shapeless_2.12-2.3.3.jar!/" />
    </CLASSES>
    <JAVADOC>
      <root url="jar://$USER_HOME$/AppData/Local/Coursier/cache/v1/https/repo1.maven.org/maven2/com/chuusai/shapeless_2.12/2.3.3/shapeless_2.12-2.3.3-javadoc.jar!/" />
    </JAVADOC>
    <SOURCES>
      <root url="jar://$USER_HOME$/AppData/Local/Coursier/cache/v1/https/repo1.maven.org/maven2/com/chuusai/shapeless_2.12/2.3.3/shapeless_2.12-2.3.3-sources.jar!/" />
    </SOURCES>
  </library>
</component>