<component name="libraryTable">
  <library name="sbt: org.glassfish.jaxb:jaxb-runtime:2.3.2:jar">
    <CLASSES>
      <root url="jar://$USER_HOME$/AppData/Local/Coursier/cache/v1/https/repo1.maven.org/maven2/org/glassfish/jaxb/jaxb-runtime/2.3.2/jaxb-runtime-2.3.2.jar!/" />
    </CLASSES>
    <JAVADOC>
      <root url="jar://$USER_HOME$/AppData/Local/Coursier/cache/v1/https/repo1.maven.org/maven2/org/glassfish/jaxb/jaxb-runtime/2.3.2/jaxb-runtime-2.3.2-javadoc.jar!/" />
    </JAVADOC>
    <SOURCES>
      <root url="jar://$USER_HOME$/AppData/Local/Coursier/cache/v1/https/repo1.maven.org/maven2/org/glassfish/jaxb/jaxb-runtime/2.3.2/jaxb-runtime-2.3.2-sources.jar!/" />
    </SOURCES>
  </library>
</component>