<component name="libraryTable">
  <library name="sbt: org.apache.directory.server:apacheds-kerberos-codec:2.0.0-M15:jar">
    <CLASSES>
      <root url="jar://$USER_HOME$/AppData/Local/Coursier/cache/v1/https/repo1.maven.org/maven2/org/apache/directory/server/apacheds-kerberos-codec/2.0.0-M15/apacheds-kerberos-codec-2.0.0-M15.jar!/" />
    </CLASSES>
    <JAVADOC>
      <root url="jar://$USER_HOME$/AppData/Local/Coursier/cache/v1/https/repo1.maven.org/maven2/org/apache/directory/server/apacheds-kerberos-codec/2.0.0-M15/apacheds-kerberos-codec-2.0.0-M15-javadoc.jar!/" />
    </JAVADOC>
    <SOURCES>
      <root url="jar://$USER_HOME$/AppData/Local/Coursier/cache/v1/https/repo1.maven.org/maven2/org/apache/directory/server/apacheds-kerberos-codec/2.0.0-M15/apacheds-kerberos-codec-2.0.0-M15-sources.jar!/" />
    </SOURCES>
  </library>
</component>