<component name="libraryTable">
  <library name="sbt: org.codehaus.jackson:jackson-jaxrs:1.9.13:jar">
    <CLASSES>
      <root url="jar://$USER_HOME$/AppData/Local/Coursier/cache/v1/https/repo1.maven.org/maven2/org/codehaus/jackson/jackson-jaxrs/1.9.13/jackson-jaxrs-1.9.13.jar!/" />
    </CLASSES>
    <JAVADOC>
      <root url="jar://$USER_HOME$/AppData/Local/Coursier/cache/v1/https/repo1.maven.org/maven2/org/codehaus/jackson/jackson-jaxrs/1.9.13/jackson-jaxrs-1.9.13-javadoc.jar!/" />
    </JAVADOC>
    <SOURCES>
      <root url="jar://$USER_HOME$/AppData/Local/Coursier/cache/v1/https/repo1.maven.org/maven2/org/codehaus/jackson/jackson-jaxrs/1.9.13/jackson-jaxrs-1.9.13-sources.jar!/" />
    </SOURCES>
  </library>
</component>