<component name="libraryTable">
  <library name="sbt: org.scala-lang.modules:scala-collection-compat_2.12:2.1.1:jar">
    <CLASSES>
      <root url="jar://$USER_HOME$/AppData/Local/Coursier/cache/v1/https/repo1.maven.org/maven2/org/scala-lang/modules/scala-collection-compat_2.12/2.1.1/scala-collection-compat_2.12-2.1.1.jar!/" />
    </CLASSES>
    <JAVADOC>
      <root url="jar://$USER_HOME$/AppData/Local/Coursier/cache/v1/https/repo1.maven.org/maven2/org/scala-lang/modules/scala-collection-compat_2.12/2.1.1/scala-collection-compat_2.12-2.1.1-javadoc.jar!/" />
    </JAVADOC>
    <SOURCES>
      <root url="jar://$USER_HOME$/AppData/Local/Coursier/cache/v1/https/repo1.maven.org/maven2/org/scala-lang/modules/scala-collection-compat_2.12/2.1.1/scala-collection-compat_2.12-2.1.1-sources.jar!/" />
    </SOURCES>
  </library>
</component>