<component name="libraryTable">
  <library name="sbt: com.univocity:univocity-parsers:2.8.3:jar">
    <CLASSES>
      <root url="jar://$USER_HOME$/AppData/Local/Coursier/cache/v1/https/repo1.maven.org/maven2/com/univocity/univocity-parsers/2.8.3/univocity-parsers-2.8.3.jar!/" />
    </CLASSES>
    <JAVADOC>
      <root url="jar://$USER_HOME$/AppData/Local/Coursier/cache/v1/https/repo1.maven.org/maven2/com/univocity/univocity-parsers/2.8.3/univocity-parsers-2.8.3-javadoc.jar!/" />
    </JAVADOC>
    <SOURCES>
      <root url="jar://$USER_HOME$/AppData/Local/Coursier/cache/v1/https/repo1.maven.org/maven2/com/univocity/univocity-parsers/2.8.3/univocity-parsers-2.8.3-sources.jar!/" />
    </SOURCES>
  </library>
</component>