<component name="libraryTable">
  <library name="sbt: net.sf.py4j:py4j:0.10.9:jar">
    <CLASSES>
      <root url="jar://$USER_HOME$/AppData/Local/Coursier/cache/v1/https/repo1.maven.org/maven2/net/sf/py4j/py4j/0.10.9/py4j-0.10.9.jar!/" />
    </CLASSES>
    <JAVADOC>
      <root url="jar://$USER_HOME$/AppData/Local/Coursier/cache/v1/https/repo1.maven.org/maven2/net/sf/py4j/py4j/0.10.9/py4j-0.10.9-javadoc.jar!/" />
    </JAVADOC>
    <SOURCES>
      <root url="jar://$USER_HOME$/AppData/Local/Coursier/cache/v1/https/repo1.maven.org/maven2/net/sf/py4j/py4j/0.10.9/py4j-0.10.9-sources.jar!/" />
    </SOURCES>
  </library>
</component>