<component name="libraryTable">
  <library name="sbt: javax.xml.bind:jaxb-api:2.2.2:jar">
    <CLASSES>
      <root url="jar://$USER_HOME$/AppData/Local/Coursier/cache/v1/https/repo1.maven.org/maven2/javax/xml/bind/jaxb-api/2.2.2/jaxb-api-2.2.2.jar!/" />
    </CLASSES>
    <JAVADOC>
      <root url="jar://$USER_HOME$/AppData/Local/Coursier/cache/v1/https/repo1.maven.org/maven2/javax/xml/bind/jaxb-api/2.2.2/jaxb-api-2.2.2-javadoc.jar!/" />
    </JAVADOC>
    <SOURCES>
      <root url="jar://$USER_HOME$/AppData/Local/Coursier/cache/v1/https/repo1.maven.org/maven2/javax/xml/bind/jaxb-api/2.2.2/jaxb-api-2.2.2-sources.jar!/" />
    </SOURCES>
  </library>
</component>