<component name="libraryTable">
  <library name="sbt: org.fusesource.leveldbjni:leveldbjni-all:1.8:jar">
    <CLASSES>
      <root url="jar://$USER_HOME$/AppData/Local/Coursier/cache/v1/https/repo1.maven.org/maven2/org/fusesource/leveldbjni/leveldbjni-all/1.8/leveldbjni-all-1.8.jar!/" />
    </CLASSES>
    <JAVADOC>
      <root url="jar://$USER_HOME$/AppData/Local/Coursier/cache/v1/https/repo1.maven.org/maven2/org/fusesource/leveldbjni/leveldbjni-all/1.8/leveldbjni-all-1.8-javadoc.jar!/" />
    </JAVADOC>
    <SOURCES>
      <root url="jar://$USER_HOME$/AppData/Local/Coursier/cache/v1/https/repo1.maven.org/maven2/org/fusesource/leveldbjni/leveldbjni-all/1.8/leveldbjni-all-1.8-sources.jar!/" />
    </SOURCES>
  </library>
</component>