<component name="libraryTable">
  <library name="sbt: org.apache.arrow:arrow-format:0.15.1:jar">
    <CLASSES>
      <root url="jar://$USER_HOME$/AppData/Local/Coursier/cache/v1/https/repo1.maven.org/maven2/org/apache/arrow/arrow-format/0.15.1/arrow-format-0.15.1.jar!/" />
    </CLASSES>
    <JAVADOC>
      <root url="jar://$USER_HOME$/AppData/Local/Coursier/cache/v1/https/repo1.maven.org/maven2/org/apache/arrow/arrow-format/0.15.1/arrow-format-0.15.1-javadoc.jar!/" />
    </JAVADOC>
    <SOURCES>
      <root url="jar://$USER_HOME$/AppData/Local/Coursier/cache/v1/https/repo1.maven.org/maven2/org/apache/arrow/arrow-format/0.15.1/arrow-format-0.15.1-sources.jar!/" />
    </SOURCES>
  </library>
</component>