<component name="libraryTable">
  <library name="sbt: org.typelevel:macro-compat_2.12:1.1.1:jar">
    <CLASSES>
      <root url="jar://$USER_HOME$/AppData/Local/Coursier/cache/v1/https/repo1.maven.org/maven2/org/typelevel/macro-compat_2.12/1.1.1/macro-compat_2.12-1.1.1.jar!/" />
    </CLASSES>
    <JAVADOC>
      <root url="jar://$USER_HOME$/AppData/Local/Coursier/cache/v1/https/repo1.maven.org/maven2/org/typelevel/macro-compat_2.12/1.1.1/macro-compat_2.12-1.1.1-javadoc.jar!/" />
    </JAVADOC>
    <SOURCES>
      <root url="jar://$USER_HOME$/AppData/Local/Coursier/cache/v1/https/repo1.maven.org/maven2/org/typelevel/macro-compat_2.12/1.1.1/macro-compat_2.12-1.1.1-sources.jar!/" />
    </SOURCES>
  </library>
</component>