<component name="libraryTable">
  <library name="sbt: commons-digester:commons-digester:1.8:jar">
    <CLASSES>
      <root url="jar://$USER_HOME$/AppData/Local/Coursier/cache/v1/https/repo1.maven.org/maven2/commons-digester/commons-digester/1.8/commons-digester-1.8.jar!/" />
    </CLASSES>
    <JAVADOC />
    <SOURCES>
      <root url="jar://$USER_HOME$/AppData/Local/Coursier/cache/v1/https/repo1.maven.org/maven2/commons-digester/commons-digester/1.8/commons-digester-1.8-sources.jar!/" />
    </SOURCES>
  </library>
</component>