<component name="libraryTable">
  <library name="sbt: javax.servlet.jsp:jsp-api:2.1:jar">
    <CLASSES>
      <root url="jar://$USER_HOME$/AppData/Local/Coursier/cache/v1/https/repo1.maven.org/maven2/javax/servlet/jsp/jsp-api/2.1/jsp-api-2.1.jar!/" />
    </CLASSES>
    <JAVADOC />
    <SOURCES>
      <root url="jar://$USER_HOME$/AppData/Local/Coursier/cache/v1/https/repo1.maven.org/maven2/javax/servlet/jsp/jsp-api/2.1/jsp-api-2.1-sources.jar!/" />
    </SOURCES>
  </library>
</component>