<component name="libraryTable">
  <library name="sbt: com.github.luben:zstd-jni:1.4.4-3:jar">
    <CLASSES>
      <root url="jar://$USER_HOME$/AppData/Local/Coursier/cache/v1/https/repo1.maven.org/maven2/com/github/luben/zstd-jni/1.4.4-3/zstd-jni-1.4.4-3.jar!/" />
    </CLASSES>
    <JAVADOC>
      <root url="jar://$USER_HOME$/AppData/Local/Coursier/cache/v1/https/repo1.maven.org/maven2/com/github/luben/zstd-jni/1.4.4-3/zstd-jni-1.4.4-3-javadoc.jar!/" />
    </JAVADOC>
    <SOURCES>
      <root url="jar://$USER_HOME$/AppData/Local/Coursier/cache/v1/https/repo1.maven.org/maven2/com/github/luben/zstd-jni/1.4.4-3/zstd-jni-1.4.4-3-sources.jar!/" />
    </SOURCES>
  </library>
</component>