<component name="libraryTable">
  <library name="sbt: net.sourceforge.f2j:arpack_combined_all:0.1:jar">
    <CLASSES>
      <root url="jar://$USER_HOME$/AppData/Local/Coursier/cache/v1/https/repo1.maven.org/maven2/net/sourceforge/f2j/arpack_combined_all/0.1/arpack_combined_all-0.1.jar!/" />
    </CLASSES>
    <JAVADOC>
      <root url="jar://$USER_HOME$/AppData/Local/Coursier/cache/v1/https/repo1.maven.org/maven2/net/sourceforge/f2j/arpack_combined_all/0.1/arpack_combined_all-0.1-javadoc.jar!/" />
    </JAVADOC>
    <SOURCES />
  </library>
</component>