<component name="libraryTable">
  <library name="sbt: org.xerial.snappy:snappy-java:1.1.7.5:jar">
    <CLASSES>
      <root url="jar://$USER_HOME$/AppData/Local/Coursier/cache/v1/https/repo1.maven.org/maven2/org/xerial/snappy/snappy-java/1.1.7.5/snappy-java-1.1.7.5.jar!/" />
    </CLASSES>
    <JAVADOC>
      <root url="jar://$USER_HOME$/AppData/Local/Coursier/cache/v1/https/repo1.maven.org/maven2/org/xerial/snappy/snappy-java/1.1.7.5/snappy-java-1.1.7.5-javadoc.jar!/" />
    </JAVADOC>
    <SOURCES>
      <root url="jar://$USER_HOME$/AppData/Local/Coursier/cache/v1/https/repo1.maven.org/maven2/org/xerial/snappy/snappy-java/1.1.7.5/snappy-java-1.1.7.5-sources.jar!/" />
    </SOURCES>
  </library>
</component>