<component name="libraryTable">
  <library name="sbt: org.slf4j:slf4j-log4j12:1.7.30:jar">
    <CLASSES>
      <root url="jar://$USER_HOME$/AppData/Local/Coursier/cache/v1/https/repo1.maven.org/maven2/org/slf4j/slf4j-log4j12/1.7.30/slf4j-log4j12-1.7.30.jar!/" />
    </CLASSES>
    <JAVADOC>
      <root url="jar://$USER_HOME$/AppData/Local/Coursier/cache/v1/https/repo1.maven.org/maven2/org/slf4j/slf4j-log4j12/1.7.30/slf4j-log4j12-1.7.30-javadoc.jar!/" />
    </JAVADOC>
    <SOURCES>
      <root url="jar://$USER_HOME$/AppData/Local/Coursier/cache/v1/https/repo1.maven.org/maven2/org/slf4j/slf4j-log4j12/1.7.30/slf4j-log4j12-1.7.30-sources.jar!/" />
    </SOURCES>
  </library>
</component>