<component name="libraryTable">
  <library name="sbt: org.mortbay.jetty:jetty-util:6.1.26:jar">
    <CLASSES>
      <root url="jar://$USER_HOME$/AppData/Local/Coursier/cache/v1/https/repo1.maven.org/maven2/org/mortbay/jetty/jetty-util/6.1.26/jetty-util-6.1.26.jar!/" />
    </CLASSES>
    <JAVADOC>
      <root url="jar://$USER_HOME$/AppData/Local/Coursier/cache/v1/https/repo1.maven.org/maven2/org/mortbay/jetty/jetty-util/6.1.26/jetty-util-6.1.26-javadoc.jar!/" />
    </JAVADOC>
    <SOURCES>
      <root url="jar://$USER_HOME$/AppData/Local/Coursier/cache/v1/https/repo1.maven.org/maven2/org/mortbay/jetty/jetty-util/6.1.26/jetty-util-6.1.26-sources.jar!/" />
    </SOURCES>
  </library>
</component>