<component name="libraryTable">
  <library name="sbt: org.typelevel:cats-kernel_2.12:2.0.0-M4:jar">
    <CLASSES>
      <root url="jar://$USER_HOME$/AppData/Local/Coursier/cache/v1/https/repo1.maven.org/maven2/org/typelevel/cats-kernel_2.12/2.0.0-M4/cats-kernel_2.12-2.0.0-M4.jar!/" />
    </CLASSES>
    <JAVADOC>
      <root url="jar://$USER_HOME$/AppData/Local/Coursier/cache/v1/https/repo1.maven.org/maven2/org/typelevel/cats-kernel_2.12/2.0.0-M4/cats-kernel_2.12-2.0.0-M4-javadoc.jar!/" />
    </JAVADOC>
    <SOURCES>
      <root url="jar://$USER_HOME$/AppData/Local/Coursier/cache/v1/https/repo1.maven.org/maven2/org/typelevel/cats-kernel_2.12/2.0.0-M4/cats-kernel_2.12-2.0.0-M4-sources.jar!/" />
    </SOURCES>
  </library>
</component>