<component name="libraryTable">
  <library name="sbt: jakarta.ws.rs:jakarta.ws.rs-api:2.1.6:jar">
    <CLASSES>
      <root url="jar://$USER_HOME$/AppData/Local/Coursier/cache/v1/https/repo1.maven.org/maven2/jakarta/ws/rs/jakarta.ws.rs-api/2.1.6/jakarta.ws.rs-api-2.1.6.jar!/" />
    </CLASSES>
    <JAVADOC>
      <root url="jar://$USER_HOME$/AppData/Local/Coursier/cache/v1/https/repo1.maven.org/maven2/jakarta/ws/rs/jakarta.ws.rs-api/2.1.6/jakarta.ws.rs-api-2.1.6-javadoc.jar!/" />
    </JAVADOC>
    <SOURCES>
      <root url="jar://$USER_HOME$/AppData/Local/Coursier/cache/v1/https/repo1.maven.org/maven2/jakarta/ws/rs/jakarta.ws.rs-api/2.1.6/jakarta.ws.rs-api-2.1.6-sources.jar!/" />
    </SOURCES>
  </library>
</component>