<component name="libraryTable">
  <library name="sbt: io.airlift:aircompressor:0.10:jar">
    <CLASSES>
      <root url="jar://$USER_HOME$/AppData/Local/Coursier/cache/v1/https/repo1.maven.org/maven2/io/airlift/aircompressor/0.10/aircompressor-0.10.jar!/" />
    </CLASSES>
    <JAVADOC>
      <root url="jar://$USER_HOME$/AppData/Local/Coursier/cache/v1/https/repo1.maven.org/maven2/io/airlift/aircompressor/0.10/aircompressor-0.10-javadoc.jar!/" />
    </JAVADOC>
    <SOURCES>
      <root url="jar://$USER_HOME$/AppData/Local/Coursier/cache/v1/https/repo1.maven.org/maven2/io/airlift/aircompressor/0.10/aircompressor-0.10-sources.jar!/" />
    </SOURCES>
  </library>
</component>