<component name="libraryTable">
  <library name="sbt: org.apache.commons:commons-lang3:3.9:jar">
    <CLASSES>
      <root url="jar://$USER_HOME$/AppData/Local/Coursier/cache/v1/https/repo1.maven.org/maven2/org/apache/commons/commons-lang3/3.9/commons-lang3-3.9.jar!/" />
    </CLASSES>
    <JAVADOC>
      <root url="jar://$USER_HOME$/AppData/Local/Coursier/cache/v1/https/repo1.maven.org/maven2/org/apache/commons/commons-lang3/3.9/commons-lang3-3.9-javadoc.jar!/" />
    </JAVADOC>
    <SOURCES>
      <root url="jar://$USER_HOME$/AppData/Local/Coursier/cache/v1/https/repo1.maven.org/maven2/org/apache/commons/commons-lang3/3.9/commons-lang3-3.9-sources.jar!/" />
    </SOURCES>
  </library>
</component>