<component name="libraryTable">
  <library name="sbt: org.apache.httpcomponents:httpclient:4.2.5:jar">
    <CLASSES>
      <root url="jar://$USER_HOME$/AppData/Local/Coursier/cache/v1/https/repo1.maven.org/maven2/org/apache/httpcomponents/httpclient/4.2.5/httpclient-4.2.5.jar!/" />
    </CLASSES>
    <JAVADOC>
      <root url="jar://$USER_HOME$/AppData/Local/Coursier/cache/v1/https/repo1.maven.org/maven2/org/apache/httpcomponents/httpclient/4.2.5/httpclient-4.2.5-javadoc.jar!/" />
    </JAVADOC>
    <SOURCES>
      <root url="jar://$USER_HOME$/AppData/Local/Coursier/cache/v1/https/repo1.maven.org/maven2/org/apache/httpcomponents/httpclient/4.2.5/httpclient-4.2.5-sources.jar!/" />
    </SOURCES>
  </library>
</component>