<component name="libraryTable">
  <library name="sbt: org.glassfish.hk2:osgi-resource-locator:1.0.3:jar">
    <CLASSES>
      <root url="jar://$USER_HOME$/AppData/Local/Coursier/cache/v1/https/repo1.maven.org/maven2/org/glassfish/hk2/osgi-resource-locator/1.0.3/osgi-resource-locator-1.0.3.jar!/" />
    </CLASSES>
    <JAVADOC>
      <root url="jar://$USER_HOME$/AppData/Local/Coursier/cache/v1/https/repo1.maven.org/maven2/org/glassfish/hk2/osgi-resource-locator/1.0.3/osgi-resource-locator-1.0.3-javadoc.jar!/" />
    </JAVADOC>
    <SOURCES>
      <root url="jar://$USER_HOME$/AppData/Local/Coursier/cache/v1/https/repo1.maven.org/maven2/org/glassfish/hk2/osgi-resource-locator/1.0.3/osgi-resource-locator-1.0.3-sources.jar!/" />
    </SOURCES>
  </library>
</component>