<component name="libraryTable">
  <library name="sbt: log4j:log4j:1.2.17:jar">
    <CLASSES>
      <root url="jar://$USER_HOME$/AppData/Local/Coursier/cache/v1/https/repo1.maven.org/maven2/log4j/log4j/1.2.17/log4j-1.2.17.jar!/" />
    </CLASSES>
    <JAVADOC>
      <root url="jar://$USER_HOME$/AppData/Local/Coursier/cache/v1/https/repo1.maven.org/maven2/log4j/log4j/1.2.17/log4j-1.2.17-javadoc.jar!/" />
    </JAVADOC>
    <SOURCES>
      <root url="jar://$USER_HOME$/AppData/Local/Coursier/cache/v1/https/repo1.maven.org/maven2/log4j/log4j/1.2.17/log4j-1.2.17-sources.jar!/" />
    </SOURCES>
  </library>
</component>