<component name="libraryTable">
  <library name="sbt: com.google.guava:guava:16.0.1:jar">
    <CLASSES>
      <root url="jar://$USER_HOME$/AppData/Local/Coursier/cache/v1/https/repo1.maven.org/maven2/com/google/guava/guava/16.0.1/guava-16.0.1.jar!/" />
    </CLASSES>
    <JAVADOC>
      <root url="jar://$USER_HOME$/AppData/Local/Coursier/cache/v1/https/repo1.maven.org/maven2/com/google/guava/guava/16.0.1/guava-16.0.1-javadoc.jar!/" />
    </JAVADOC>
    <SOURCES>
      <root url="jar://$USER_HOME$/AppData/Local/Coursier/cache/v1/https/repo1.maven.org/maven2/com/google/guava/guava/16.0.1/guava-16.0.1-sources.jar!/" />
    </SOURCES>
  </library>
</component>