<component name="libraryTable">
  <library name="sbt: javax.xml.stream:stax-api:1.0-2:jar">
    <CLASSES>
      <root url="jar://$USER_HOME$/AppData/Local/Coursier/cache/v1/https/repo1.maven.org/maven2/javax/xml/stream/stax-api/1.0-2/stax-api-1.0-2.jar!/" />
    </CLASSES>
    <JAVADOC />
    <SOURCES>
      <root url="jar://$USER_HOME$/AppData/Local/Coursier/cache/v1/https/repo1.maven.org/maven2/javax/xml/stream/stax-api/1.0-2/stax-api-1.0-2-sources.jar!/" />
    </SOURCES>
  </library>
</component>