<component name="libraryTable">
  <library name="sbt: org.typelevel:algebra_2.12:2.0.0-M2:jar">
    <CLASSES>
      <root url="jar://$USER_HOME$/AppData/Local/Coursier/cache/v1/https/repo1.maven.org/maven2/org/typelevel/algebra_2.12/2.0.0-M2/algebra_2.12-2.0.0-M2.jar!/" />
    </CLASSES>
    <JAVADOC>
      <root url="jar://$USER_HOME$/AppData/Local/Coursier/cache/v1/https/repo1.maven.org/maven2/org/typelevel/algebra_2.12/2.0.0-M2/algebra_2.12-2.0.0-M2-javadoc.jar!/" />
    </JAVADOC>
    <SOURCES>
      <root url="jar://$USER_HOME$/AppData/Local/Coursier/cache/v1/https/repo1.maven.org/maven2/org/typelevel/algebra_2.12/2.0.0-M2/algebra_2.12-2.0.0-M2-sources.jar!/" />
    </SOURCES>
  </library>
</component>