<component name="libraryTable">
  <library name="sbt: commons-lang:commons-lang:2.6:jar">
    <CLASSES>
      <root url="jar://$USER_HOME$/AppData/Local/Coursier/cache/v1/https/repo1.maven.org/maven2/commons-lang/commons-lang/2.6/commons-lang-2.6.jar!/" />
    </CLASSES>
    <JAVADOC>
      <root url="jar://$USER_HOME$/AppData/Local/Coursier/cache/v1/https/repo1.maven.org/maven2/commons-lang/commons-lang/2.6/commons-lang-2.6-javadoc.jar!/" />
    </JAVADOC>
    <SOURCES>
      <root url="jar://$USER_HOME$/AppData/Local/Coursier/cache/v1/https/repo1.maven.org/maven2/commons-lang/commons-lang/2.6/commons-lang-2.6-sources.jar!/" />
    </SOURCES>
  </library>
</component>