<component name="libraryTable">
  <library name="sbt: com.twitter:chill_2.12:0.9.5:jar">
    <CLASSES>
      <root url="jar://$USER_HOME$/AppData/Local/Coursier/cache/v1/https/repo1.maven.org/maven2/com/twitter/chill_2.12/0.9.5/chill_2.12-0.9.5.jar!/" />
    </CLASSES>
    <JAVADOC>
      <root url="jar://$USER_HOME$/AppData/Local/Coursier/cache/v1/https/repo1.maven.org/maven2/com/twitter/chill_2.12/0.9.5/chill_2.12-0.9.5-javadoc.jar!/" />
    </JAVADOC>
    <SOURCES>
      <root url="jar://$USER_HOME$/AppData/Local/Coursier/cache/v1/https/repo1.maven.org/maven2/com/twitter/chill_2.12/0.9.5/chill_2.12-0.9.5-sources.jar!/" />
    </SOURCES>
  </library>
</component>