<component name="libraryTable">
  <library name="sbt: org.apache.parquet:parquet-jackson:1.10.1:jar">
    <CLASSES>
      <root url="jar://$USER_HOME$/AppData/Local/Coursier/cache/v1/https/repo1.maven.org/maven2/org/apache/parquet/parquet-jackson/1.10.1/parquet-jackson-1.10.1.jar!/" />
    </CLASSES>
    <JAVADOC />
    <SOURCES>
      <root url="jar://$USER_HOME$/AppData/Local/Coursier/cache/v1/https/repo1.maven.org/maven2/org/apache/parquet/parquet-jackson/1.10.1/parquet-jackson-1.10.1-sources.jar!/" />
    </SOURCES>
  </library>
</component>