<component name="libraryTable">
  <library name="sbt: org.json4s:json4s-ast_2.12:3.6.6:jar">
    <CLASSES>
      <root url="jar://$USER_HOME$/AppData/Local/Coursier/cache/v1/https/repo1.maven.org/maven2/org/json4s/json4s-ast_2.12/3.6.6/json4s-ast_2.12-3.6.6.jar!/" />
    </CLASSES>
    <JAVADOC>
      <root url="jar://$USER_HOME$/AppData/Local/Coursier/cache/v1/https/repo1.maven.org/maven2/org/json4s/json4s-ast_2.12/3.6.6/json4s-ast_2.12-3.6.6-javadoc.jar!/" />
    </JAVADOC>
    <SOURCES>
      <root url="jar://$USER_HOME$/AppData/Local/Coursier/cache/v1/https/repo1.maven.org/maven2/org/json4s/json4s-ast_2.12/3.6.6/json4s-ast_2.12-3.6.6-sources.jar!/" />
    </SOURCES>
  </library>
</component>