<component name="libraryTable">
  <library name="sbt: com.thoughtworks.paranamer:paranamer:2.8:jar">
    <CLASSES>
      <root url="jar://$USER_HOME$/AppData/Local/Coursier/cache/v1/https/repo1.maven.org/maven2/com/thoughtworks/paranamer/paranamer/2.8/paranamer-2.8.jar!/" />
    </CLASSES>
    <JAVADOC>
      <root url="jar://$USER_HOME$/AppData/Local/Coursier/cache/v1/https/repo1.maven.org/maven2/com/thoughtworks/paranamer/paranamer/2.8/paranamer-2.8-javadoc.jar!/" />
    </JAVADOC>
    <SOURCES>
      <root url="jar://$USER_HOME$/AppData/Local/Coursier/cache/v1/https/repo1.maven.org/maven2/com/thoughtworks/paranamer/paranamer/2.8/paranamer-2.8-sources.jar!/" />
    </SOURCES>
  </library>
</component>