<component name="libraryTable">
  <library name="sbt: net.sf.opencsv:opencsv:2.3:jar">
    <CLASSES>
      <root url="jar://$USER_HOME$/AppData/Local/Coursier/cache/v1/https/repo1.maven.org/maven2/net/sf/opencsv/opencsv/2.3/opencsv-2.3.jar!/" />
    </CLASSES>
    <JAVADOC>
      <root url="jar://$USER_HOME$/AppData/Local/Coursier/cache/v1/https/repo1.maven.org/maven2/net/sf/opencsv/opencsv/2.3/opencsv-2.3-javadoc.jar!/" />
    </JAVADOC>
    <SOURCES>
      <root url="jar://$USER_HOME$/AppData/Local/Coursier/cache/v1/https/repo1.maven.org/maven2/net/sf/opencsv/opencsv/2.3/opencsv-2.3-sources.jar!/" />
    </SOURCES>
  </library>
</component>