<component name="libraryTable">
  <library name="sbt: com.esotericsoftware:minlog:1.3.0:jar">
    <CLASSES>
      <root url="jar://$USER_HOME$/AppData/Local/Coursier/cache/v1/https/repo1.maven.org/maven2/com/esotericsoftware/minlog/1.3.0/minlog-1.3.0.jar!/" />
    </CLASSES>
    <JAVADOC>
      <root url="jar://$USER_HOME$/AppData/Local/Coursier/cache/v1/https/repo1.maven.org/maven2/com/esotericsoftware/minlog/1.3.0/minlog-1.3.0-javadoc.jar!/" />
    </JAVADOC>
    <SOURCES>
      <root url="jar://$USER_HOME$/AppData/Local/Coursier/cache/v1/https/repo1.maven.org/maven2/com/esotericsoftware/minlog/1.3.0/minlog-1.3.0-sources.jar!/" />
    </SOURCES>
  </library>
</component>