<component name="libraryTable">
  <library name="sbt: org.javassist:javassist:3.25.0-GA:jar">
    <CLASSES>
      <root url="jar://$USER_HOME$/AppData/Local/Coursier/cache/v1/https/repo1.maven.org/maven2/org/javassist/javassist/3.25.0-GA/javassist-3.25.0-GA.jar!/" />
    </CLASSES>
    <JAVADOC>
      <root url="jar://$USER_HOME$/AppData/Local/Coursier/cache/v1/https/repo1.maven.org/maven2/org/javassist/javassist/3.25.0-GA/javassist-3.25.0-GA-javadoc.jar!/" />
    </JAVADOC>
    <SOURCES>
      <root url="jar://$USER_HOME$/AppData/Local/Coursier/cache/v1/https/repo1.maven.org/maven2/org/javassist/javassist/3.25.0-GA/javassist-3.25.0-GA-sources.jar!/" />
    </SOURCES>
  </library>
</component>