<component name="libraryTable">
  <library name="sbt: commons-beanutils:commons-beanutils:1.7.0:jar">
    <CLASSES>
      <root url="jar://$USER_HOME$/AppData/Local/Coursier/cache/v1/https/repo1.maven.org/maven2/commons-beanutils/commons-beanutils/1.7.0/commons-beanutils-1.7.0.jar!/" />
    </CLASSES>
    <JAVADOC>
      <root url="jar://$USER_HOME$/AppData/Local/Coursier/cache/v1/https/repo1.maven.org/maven2/commons-beanutils/commons-beanutils/1.7.0/commons-beanutils-1.7.0-javadoc.jar!/" />
    </JAVADOC>
    <SOURCES>
      <root url="jar://$USER_HOME$/AppData/Local/Coursier/cache/v1/https/repo1.maven.org/maven2/commons-beanutils/commons-beanutils/1.7.0/commons-beanutils-1.7.0-sources.jar!/" />
    </SOURCES>
  </library>
</component>