<component name="libraryTable">
  <library name="sbt: org.apache.xbean:xbean-asm7-shaded:4.15:jar">
    <CLASSES>
      <root url="jar://$USER_HOME$/AppData/Local/Coursier/cache/v1/https/repo1.maven.org/maven2/org/apache/xbean/xbean-asm7-shaded/4.15/xbean-asm7-shaded-4.15.jar!/" />
    </CLASSES>
    <JAVADOC />
    <SOURCES>
      <root url="jar://$USER_HOME$/AppData/Local/Coursier/cache/v1/https/repo1.maven.org/maven2/org/apache/xbean/xbean-asm7-shaded/4.15/xbean-asm7-shaded-4.15-sources.jar!/" />
    </SOURCES>
  </library>
</component>