<component name="libraryTable">
  <library name="sbt: org.apache.curator:curator-recipes:2.7.1:jar">
    <CLASSES>
      <root url="jar://$USER_HOME$/AppData/Local/Coursier/cache/v1/https/repo1.maven.org/maven2/org/apache/curator/curator-recipes/2.7.1/curator-recipes-2.7.1.jar!/" />
    </CLASSES>
    <JAVADOC />
    <SOURCES>
      <root url="jar://$USER_HOME$/AppData/Local/Coursier/cache/v1/https/repo1.maven.org/maven2/org/apache/curator/curator-recipes/2.7.1/curator-recipes-2.7.1-sources.jar!/" />
    </SOURCES>
  </library>
</component>