<component name="libraryTable">
  <library name="sbt: org.apache.hadoop:hadoop-yarn-server-common:2.7.4:jar">
    <CLASSES>
      <root url="jar://$USER_HOME$/AppData/Local/Coursier/cache/v1/https/repo1.maven.org/maven2/org/apache/hadoop/hadoop-yarn-server-common/2.7.4/hadoop-yarn-server-common-2.7.4.jar!/" />
    </CLASSES>
    <JAVADOC>
      <root url="jar://$USER_HOME$/AppData/Local/Coursier/cache/v1/https/repo1.maven.org/maven2/org/apache/hadoop/hadoop-yarn-server-common/2.7.4/hadoop-yarn-server-common-2.7.4-javadoc.jar!/" />
    </JAVADOC>
    <SOURCES>
      <root url="jar://$USER_HOME$/AppData/Local/Coursier/cache/v1/https/repo1.maven.org/maven2/org/apache/hadoop/hadoop-yarn-server-common/2.7.4/hadoop-yarn-server-common-2.7.4-sources.jar!/" />
    </SOURCES>
  </library>
</component>