<component name="libraryTable">
  <library name="sbt: org.glassfish.jersey.containers:jersey-container-servlet-core:2.30:jar">
    <CLASSES>
      <root url="jar://$USER_HOME$/AppData/Local/Coursier/cache/v1/https/repo1.maven.org/maven2/org/glassfish/jersey/containers/jersey-container-servlet-core/2.30/jersey-container-servlet-core-2.30.jar!/" />
    </CLASSES>
    <JAVADOC>
      <root url="jar://$USER_HOME$/AppData/Local/Coursier/cache/v1/https/repo1.maven.org/maven2/org/glassfish/jersey/containers/jersey-container-servlet-core/2.30/jersey-container-servlet-core-2.30-javadoc.jar!/" />
    </JAVADOC>
    <SOURCES>
      <root url="jar://$USER_HOME$/AppData/Local/Coursier/cache/v1/https/repo1.maven.org/maven2/org/glassfish/jersey/containers/jersey-container-servlet-core/2.30/jersey-container-servlet-core-2.30-sources.jar!/" />
    </SOURCES>
  </library>
</component>