<component name="libraryTable">
  <library name="sbt: com.google.protobuf:protobuf-java:2.5.0:jar">
    <CLASSES>
      <root url="jar://$USER_HOME$/AppData/Local/Coursier/cache/v1/https/repo1.maven.org/maven2/com/google/protobuf/protobuf-java/2.5.0/protobuf-java-2.5.0.jar!/" />
    </CLASSES>
    <JAVADOC>
      <root url="jar://$USER_HOME$/AppData/Local/Coursier/cache/v1/https/repo1.maven.org/maven2/com/google/protobuf/protobuf-java/2.5.0/protobuf-java-2.5.0-javadoc.jar!/" />
    </JAVADOC>
    <SOURCES>
      <root url="jar://$USER_HOME$/AppData/Local/Coursier/cache/v1/https/repo1.maven.org/maven2/com/google/protobuf/protobuf-java/2.5.0/protobuf-java-2.5.0-sources.jar!/" />
    </SOURCES>
  </library>
</component>