<component name="libraryTable">
  <library name="sbt: org.tukaani:xz:1.5:jar">
    <CLASSES>
      <root url="jar://$USER_HOME$/AppData/Local/Coursier/cache/v1/https/repo1.maven.org/maven2/org/tukaani/xz/1.5/xz-1.5.jar!/" />
    </CLASSES>
    <JAVADOC>
      <root url="jar://$USER_HOME$/AppData/Local/Coursier/cache/v1/https/repo1.maven.org/maven2/org/tukaani/xz/1.5/xz-1.5-javadoc.jar!/" />
    </JAVADOC>
    <SOURCES>
      <root url="jar://$USER_HOME$/AppData/Local/Coursier/cache/v1/https/repo1.maven.org/maven2/org/tukaani/xz/1.5/xz-1.5-sources.jar!/" />
    </SOURCES>
  </library>
</component>