<component name="libraryTable">
  <library name="sbt: org.apache.avro:avro:1.8.2:jar">
    <CLASSES>
      <root url="jar://$USER_HOME$/AppData/Local/Coursier/cache/v1/https/repo1.maven.org/maven2/org/apache/avro/avro/1.8.2/avro-1.8.2.jar!/" />
    </CLASSES>
    <JAVADOC>
      <root url="jar://$USER_HOME$/AppData/Local/Coursier/cache/v1/https/repo1.maven.org/maven2/org/apache/avro/avro/1.8.2/avro-1.8.2-javadoc.jar!/" />
    </JAVADOC>
    <SOURCES>
      <root url="jar://$USER_HOME$/AppData/Local/Coursier/cache/v1/https/repo1.maven.org/maven2/org/apache/avro/avro/1.8.2/avro-1.8.2-sources.jar!/" />
    </SOURCES>
  </library>
</component>