<component name="libraryTable">
  <library name="sbt: org.codehaus.janino:janino:3.0.16:jar">
    <CLASSES>
      <root url="jar://$USER_HOME$/AppData/Local/Coursier/cache/v1/https/repo1.maven.org/maven2/org/codehaus/janino/janino/3.0.16/janino-3.0.16.jar!/" />
    </CLASSES>
    <JAVADOC>
      <root url="jar://$USER_HOME$/AppData/Local/Coursier/cache/v1/https/repo1.maven.org/maven2/org/codehaus/janino/janino/3.0.16/janino-3.0.16-javadoc.jar!/" />
    </JAVADOC>
    <SOURCES>
      <root url="jar://$USER_HOME$/AppData/Local/Coursier/cache/v1/https/repo1.maven.org/maven2/org/codehaus/janino/janino/3.0.16/janino-3.0.16-sources.jar!/" />
    </SOURCES>
  </library>
</component>