<component name="libraryTable">
  <library name="sbt: commons-httpclient:commons-httpclient:3.1:jar">
    <CLASSES>
      <root url="jar://$USER_HOME$/AppData/Local/Coursier/cache/v1/https/repo1.maven.org/maven2/commons-httpclient/commons-httpclient/3.1/commons-httpclient-3.1.jar!/" />
    </CLASSES>
    <JAVADOC />
    <SOURCES>
      <root url="jar://$USER_HOME$/AppData/Local/Coursier/cache/v1/https/repo1.maven.org/maven2/commons-httpclient/commons-httpclient/3.1/commons-httpclient-3.1-sources.jar!/" />
    </SOURCES>
  </library>
</component>