<component name="libraryTable">
  <library name="sbt: com.clearspring.analytics:stream:2.9.6:jar">
    <CLASSES>
      <root url="jar://$USER_HOME$/AppData/Local/Coursier/cache/v1/https/repo1.maven.org/maven2/com/clearspring/analytics/stream/2.9.6/stream-2.9.6.jar!/" />
    </CLASSES>
    <JAVADOC>
      <root url="jar://$USER_HOME$/AppData/Local/Coursier/cache/v1/https/repo1.maven.org/maven2/com/clearspring/analytics/stream/2.9.6/stream-2.9.6-javadoc.jar!/" />
    </JAVADOC>
    <SOURCES>
      <root url="jar://$USER_HOME$/AppData/Local/Coursier/cache/v1/https/repo1.maven.org/maven2/com/clearspring/analytics/stream/2.9.6/stream-2.9.6-sources.jar!/" />
    </SOURCES>
  </library>
</component>