<component name="libraryTable">
  <library name="sbt: org.typelevel:spire-platform_2.12:0.17.0-M1:jar">
    <CLASSES>
      <root url="jar://$USER_HOME$/AppData/Local/Coursier/cache/v1/https/repo1.maven.org/maven2/org/typelevel/spire-platform_2.12/0.17.0-M1/spire-platform_2.12-0.17.0-M1.jar!/" />
    </CLASSES>
    <JAVADOC>
      <root url="jar://$USER_HOME$/AppData/Local/Coursier/cache/v1/https/repo1.maven.org/maven2/org/typelevel/spire-platform_2.12/0.17.0-M1/spire-platform_2.12-0.17.0-M1-javadoc.jar!/" />
    </JAVADOC>
    <SOURCES>
      <root url="jar://$USER_HOME$/AppData/Local/Coursier/cache/v1/https/repo1.maven.org/maven2/org/typelevel/spire-platform_2.12/0.17.0-M1/spire-platform_2.12-0.17.0-M1-sources.jar!/" />
    </SOURCES>
  </library>
</component>