<component name="libraryTable">
  <library name="sbt: aopalliance:aopalliance:1.0:jar">
    <CLASSES>
      <root url="jar://$USER_HOME$/AppData/Local/Coursier/cache/v1/https/repo1.maven.org/maven2/aopalliance/aopalliance/1.0/aopalliance-1.0.jar!/" />
    </CLASSES>
    <JAVADOC />
    <SOURCES>
      <root url="jar://$USER_HOME$/AppData/Local/Coursier/cache/v1/https/repo1.maven.org/maven2/aopalliance/aopalliance/1.0/aopalliance-1.0-sources.jar!/" />
    </SOURCES>
  </library>
</component>